ANO_PROCEDIMENTO,ID_ARQUIVO,ID_LICITACAO
2023,715770,760998
2023,715772,760998
2023,715801,761006
2023,715806,761011
2023,715812,761012
2023,715961,760544
2023,715978,760770
2023,715984,761063
2023,715986,761064
2023,716085,760989
2023,716088,760988
2023,716089,760988
2023,716090,760988
2023,716091,760988
2023,716094,760988
2023,716095,760988
2023,716096,760988
2023,716097,760988
2023,716113,761095
2023,716156,761098
2023,716166,761103
2023,716173,761112
2023,716176,761113
2023,716263,760988
2023,716264,760988
2023,716266,760988
2023,716268,760988
2023,716270,760988
2023,716271,760988
2023,716272,760988
2023,716273,760988
2023,716274,760988
2023,716275,760988
2023,716276,760988
2023,716277,760988
2023,716278,760988
2023,716279,760988
2023,716280,760988
2023,716281,760988
2023,716282,760988
2023,716284,760988
2023,716285,760988
2023,716286,760988
2023,716287,760988
2023,716289,760988
2023,716290,760988
2023,716291,760988
2023,716292,760988
2023,716293,760988
2023,716294,760988
2023,716295,760988
2023,716296,760988
2023,716297,760988
2023,716298,760988
2023,716299,760988
2023,716300,760988
2023,716301,760988
2023,716302,760988
2023,716303,760988
2023,716304,760988
2023,716305,760988
2023,716306,760988
2023,716307,760988
2023,716309,760988
2023,716310,760988
2023,716311,760988
2023,716312,760988
2023,716313,760988
2023,716314,760988
2023,716315,760988
2023,716316,760988
2023,716318,760988
2023,716319,760988
2023,716320,760988
2023,716321,760988
2023,716322,760988
2023,716323,760988
2023,716324,760988
2023,716325,760988
2023,716326,760988
2023,716327,760988
2023,716328,760988
2023,716329,760988
2023,716330,760988
2023,716331,760988
2023,716333,760988
2023,716334,760988
2023,716335,760988
2023,716337,760988
2023,716338,760988
2023,716339,760988
2023,716341,760988
2023,716342,760988
2023,716343,760988
2023,716344,760988
2023,716345,760988
2023,716346,760988
2023,716347,760988
2023,716348,760988
2023,716349,760988
2023,716351,760988
2023,716352,760988
2023,716353,760988
2023,716355,760988
2023,716356,760988
2023,716357,760988
2023,716358,760988
2023,716359,760988
2023,716360,760988
2023,716361,760988
2023,716362,760988
2023,716363,760988
2023,716364,760988
2023,716365,760988
2023,716366,760988
2023,716368,760988
2023,716369,760988
2023,716371,760988
2023,716372,760988
2023,716373,760988
2023,716374,760988
2023,716375,760988
2023,716376,760988
2023,716377,760988
2023,716378,760988
2023,716379,760988
2023,716380,760988
2023,716381,760988
2023,716382,760988
2023,716383,760988
2023,716384,760988
2023,716385,760988
2023,716386,760988
2023,716387,760988
2023,716533,761145
2023,716534,761145
2023,716535,761145
2023,716536,761145
2023,716537,761145
2023,716544,761148
2023,716557,761154
2023,716722,761205
2023,716770,761220
2023,716866,761246
2023,716941,761270
2023,716942,761270
2023,716964,761262
2023,717015,761278
2023,717016,760971
2023,717040,761282
2023,717080,761289
2023,717129,761254
2023,717134,761256
2023,717185,761306
2023,717210,761315
2023,717211,761315
2023,717242,761330
2023,717251,761331
2023,717467,761362
2023,717503,761379
2023,717509,760827
2023,717515,761381
2023,717566,761396
2023,717576,761398
2023,717672,761422
2023,717673,761422
2023,717674,761422
2023,717675,761422
2023,717676,761422
2023,717677,761422
2023,717679,761422
2023,717680,761422
2023,717691,761422
2023,717692,761422
2023,717693,761422
2023,717694,761422
2023,717695,761422
2023,717696,761422
2023,717697,761422
2023,717698,761422
2023,717699,761422
2023,717700,761422
2023,717701,761422
2023,717702,761422
2023,717703,761422
2023,717704,761422
2023,717705,761422
2023,717706,761422
2023,717707,761422
2023,717708,761422
2023,717710,761422
2023,717711,761422
2023,717712,761422
2023,717713,761422
2023,717714,761422
2023,717715,761422
2023,717716,761422
2023,717717,761422
2023,717718,761422
2023,717719,761422
2023,717720,761422
2023,717721,761422
2023,717722,761422
2023,717723,761422
2023,711228,740202
2023,711229,740202
2023,711230,740202
2023,711231,740202
2023,712786,750371
2023,712787,750371
2023,712791,750372
2023,712793,750372
2023,713126,750428
2023,713260,750470
2023,713261,750470
2023,713263,750470
2023,713264,750470
2023,713272,750405
2023,713273,750406
2023,713286,750472
2023,713290,750473
2023,713433,750503
2023,713434,750503
2023,713435,750503
2023,713436,750503
2023,713437,750503
2023,713471,750513
2023,713494,750514
2023,713616,750540
2023,713628,750545
2023,713633,750546
2023,713686,750554
2023,713781,750573
2023,713820,750597
2023,713835,750598
2023,713888,760548
2023,713899,760549
2023,713982,760574
2023,713990,760566
2023,714047,760599
2023,714061,760600
2023,714080,760606
2023,714143,760617
2023,714197,750405
2023,714199,750406
2023,714319,760651
2023,714336,760659
2023,714373,760649
2023,714586,760623
2023,714608,760718
2023,714663,760732
2023,714751,760751
2023,714796,760765
2023,714810,760766
2023,714818,760767
2023,714839,760773
2023,714853,760775
2023,714909,760798
2023,715097,760767
2023,715116,760850
2023,715233,760589
2023,715280,760773
2023,715285,760884
2023,715331,760899
2023,715332,760899
2023,715337,760900
2023,715339,760901
2023,715556,760941
2023,715560,760943
2023,715562,760935
2023,715564,760818
2023,715569,760825
2023,715574,760831
2023,715576,760832
2023,715595,760950
2023,715596,760950
2023,715597,760950
2023,715598,760950
2023,715599,760950
2023,715611,760959
2023,715734,760991
2023,715735,760991
2023,715736,760991
2023,719589,761826
2023,719612,761828
2023,719622,761385
2023,719743,761852
2023,719778,761859
2023,719779,761859
2023,719802,761861
2023,719806,761862
2023,729866,771811
2023,729964,771838
2023,730004,771853
2023,730020,771856
2023,730016,771855
2023,730017,771855
2023,730021,771855
2023,730022,771855
2023,730085,771870
2023,730083,771871
2023,730087,771871
2023,730092,761878
2023,730100,771873
2023,730122,771878
2023,730123,771878
2023,730124,771878
2023,730146,771879
2023,730177,771887
2023,730181,771888
2023,730233,771897
2023,730245,771903
2023,730323,771913
2023,730350,771912
2023,730376,771923
2023,730469,771940
2023,730500,771946
2023,730504,771948
2023,730595,771971
2023,730653,771939
2023,730656,771982
2023,731085,771989
2023,731241,772030
2023,731242,772030
2023,731342,772049
2023,731345,772049
2023,731346,772049
2023,731398,772014
2023,731399,772014
2023,731400,772014
2023,731401,772014
2023,731402,772014
2023,731403,772014
2023,731404,772014
2023,731445,772062
2023,731447,772063
2023,731449,772064
2023,731466,772074
2023,731477,772079
2023,731483,772081
2023,731485,772082
2023,731518,772089
2023,731550,772096
2023,731563,772099
2023,731716,772123
2023,731748,772137
2023,731823,772154
2023,731857,772162
2023,731901,772172
2023,731950,772179
2023,731969,772181
2023,731970,772181
2023,731971,772181
2023,732111,781965
2023,732237,781989
2023,732238,781989
2023,732242,781990
2023,732245,781991
2023,732255,781999
2023,732280,782009
2023,732292,781992
2023,732294,781993
2023,732304,782014
2023,732307,781998
2023,732310,782017
2023,732533,782059
2023,732555,782066
2023,732559,782067
2023,732563,782068
2023,732572,782073
2023,732594,772155
2023,732658,782033
2023,732666,782099
2023,732739,782118
2023,732740,782118
2023,732756,782125
2023,732757,782124
2023,732772,782131
2023,732774,782134
2023,732789,782142
2023,732934,782168
2023,746785,792919
2023,746847,792969
2023,746875,792981
2023,746890,792986
2023,746892,792987
2023,746901,792989
2023,746919,792995
2023,746934,782076
2023,747037,793011
2023,747085,793022
2023,747162,793046
2023,747190,793063
2023,747197,793064
2023,747303,793064
2023,747303,793064
2023,747303,793064
2023,747303,793064
2023,747317,793062
2023,747326,793088
2023,747350,793096
2023,747387,793104
2023,747444,793112
2023,747466,793121
2023,747472,793123
2023,747520,793064
2023,747548,793154
2023,747557,793155
2023,717724,761422
2023,717725,761422
2023,717726,761422
2023,717727,761422
2023,717728,761422
2023,717729,761422
2023,717730,761422
2023,717731,761422
2023,717732,761422
2023,717733,761422
2023,717734,761422
2023,717735,761422
2023,717736,761422
2023,717737,761422
2023,717738,761422
2023,717739,761422
2023,717740,761422
2023,717742,761422
2023,717743,761422
2023,717744,761422
2023,717745,761422
2023,717747,761422
2023,717748,761422
2023,717749,761422
2023,717750,761422
2023,717751,761422
2023,717772,761430
2023,717778,761264
2023,718234,761549
2023,718315,761566
2023,718357,761581
2023,718403,761589
2023,718441,761596
2023,718442,761596
2023,718443,761596
2023,718444,761596
2023,718445,761596
2023,718446,761596
2023,718470,761605
2023,718471,761605
2023,718472,761605
2023,718482,761604
2023,718729,761663
2023,718807,761674
2023,718881,761688
2023,718899,761690
2023,718955,761708
2023,718990,761713
2023,718996,761714
2023,718998,761714
2023,719005,761715
2023,719123,761738
2023,719211,761748
2023,719248,761758
2023,719279,761723
2023,719280,761723
2023,719282,761723
2023,719287,761724
2023,719291,761724
2023,719300,761773
2023,719302,761774
2023,719312,761205
2023,719314,761780
2023,719436,761805
2023,732964,782181
2023,732972,782186
2023,732976,782188
2023,733016,782202
2023,733022,782203
2023,733036,782204
2023,733073,782213
2023,733074,782213
2023,733075,782213
2023,733076,782213
2023,733078,782220
2023,733165,782169
2023,733166,782169
2023,733167,782169
2023,733168,782169
2023,733169,782169
2023,733170,782169
2023,733171,782169
2023,733173,782169
2023,733183,782244
2023,733223,782254
2023,733267,782264
2023,733315,782270
2023,733385,782294
2023,733388,782296
2023,733394,782297
2023,733409,782303
2023,733414,782305
2023,733483,782319
2023,733485,782320
2023,733542,782339
2023,733577,782348
2023,733623,782062
2023,733643,782379
2023,733716,782395
2023,733724,782397
2023,733760,782403
2023,733832,782421
2023,733859,782428
2023,733894,782436
2023,733951,782455
2023,733967,782456
2023,733981,782461
2023,733982,782461
2023,733983,782461
2023,733984,782461
2023,733985,782461
2023,733986,782461
2023,734038,782473
2023,734101,782495
2023,734120,782496
2023,734185,782503
2023,734186,782503
2023,734198,782420
2023,734199,782420
2023,734200,782420
2023,734201,782420
2023,734203,782420
2023,734204,782420
2023,734205,782420
2023,734232,782513
2023,734258,772176
2023,734260,782520
2023,734262,782521
2023,734285,782523
2023,744346,792414
2023,744389,792423
2023,744390,792422
2023,744445,772025
2023,744552,792458
2023,744598,792465
2023,744630,792474
2023,744669,792490
2023,744674,792492
2023,744694,792498
2023,744706,792500
2023,744707,792500
2023,744733,792507
2023,744740,792509
2023,744772,792522
2023,744779,792524
2023,744789,792525
2023,744784,792526
2023,744809,792531
2023,744828,792442
2023,744829,792442
2023,744862,792539
2023,744863,792539
2023,744865,792539
2023,744866,792539
2023,744867,792539
2023,744868,792539
2023,744902,792549
2023,744909,792549
2023,744911,792489
2023,744913,792550
2023,744950,792556
2023,744954,792559
2023,744969,792508
2023,745026,782313
2023,745073,792582
2023,745075,792583
2023,745097,792581
2023,745164,792608
2023,745165,792608
2023,745175,792616
2023,745246,792625
2023,745256,792626
2023,745284,782420
2023,745330,792639
2023,745336,792640
2023,745340,792641
2023,745350,792642
2023,745396,792656
2023,745400,792657
2023,745401,792657
2023,745402,792657
2023,745403,792657
2023,745408,792658
2023,745409,792658
2023,745410,792658
2023,745411,792658
2023,745436,792667
2023,745439,792668
2023,745477,782287
2023,745585,792690
2023,745586,792690
2023,745587,792690
2023,745588,792690
2023,745595,792693
2023,745596,792693
2023,745597,792693
2023,745598,792693
2023,745599,792693
2023,745600,792693
2023,745601,792693
2023,745602,792693
2023,745603,792693
2023,745604,792693
2023,745606,792693
2023,747659,793165
2023,747685,793179
2023,747696,793181
2023,747697,793181
2023,747761,793178
2023,747778,793195
2023,747812,793203
2023,747814,793204
2023,747816,793205
2023,748006,793228
2023,748009,793230
2023,748012,793231
2023,748013,793231
2023,748014,793231
2023,748015,793231
2023,748024,793220
2023,748042,793237
2023,748078,793247
2023,748102,793254
2023,748158,793265
2023,748247,793128
2023,748251,793129
2023,748252,793130
2023,748264,793288
2023,748268,793289
2023,758467,793165
2023,758581,803317
2023,758634,803325
2023,758643,803326
2023,758689,803334
2023,758701,803342
2023,758714,792919
2023,758731,803349
2023,758734,803351
2023,758739,803357
2023,758742,803358
2023,758744,803359
2023,758827,803368
2023,758937,803375
2023,758969,792880
2023,758988,803392
2023,758990,803393
2023,759019,792722
2023,759088,803406
2023,759097,803407
2023,759107,803407
2023,759115,803407
2023,759135,803407
2023,759158,803407
2023,759164,803407
2023,759168,803410
2023,759171,803407
2023,759181,803407
2023,759187,803407
2023,759194,803407
2023,759253,803423
2023,769279,803367
2023,769437,813328
2023,769469,813336
2023,769515,813345
2023,769526,813351
2023,769563,813359
2023,769604,813368
2023,769628,813318
2023,769636,813377
2023,769645,813378
2023,769652,813375
2023,769653,813375
2023,769694,813376
2023,769695,813376
2023,769698,813376
2023,769700,813376
2023,769701,813376
2023,769833,793246
2023,769847,813400
2023,769864,813404
2023,769910,813417
2023,769944,813426
2023,769955,813428
2023,770022,813437
2023,770029,813437
2023,770036,813419
2023,770100,813462
2023,770129,813467
2023,770164,813476
2023,770172,813478
2023,770183,813486
2023,770238,813420
2023,770273,813461
2023,770280,813512
2023,770292,813417
2023,770297,813502
2023,770359,813503
2023,770377,813504
2023,770430,813528
2023,770432,813529
2023,770465,793128
2023,770466,793128
2023,770562,813545
2023,770675,813560
2023,770678,813560
2023,770679,813560
2023,770680,813560
2023,784399,823966
2023,784458,813719
2023,784463,823971
2023,784539,823980
2023,784559,823982
2023,784591,823989
2023,784597,823991
2023,784598,823991
2023,784599,823991
2023,784600,823989
2023,784601,823989
2023,784618,823996
2023,784619,823996
2023,784696,824008
2023,784797,824031
2023,784798,824031
2023,784799,824031
2023,784800,824031
2023,784802,824031
2023,784803,824031
2023,784804,824031
2023,784805,824031
2023,784828,823996
2023,784829,823996
2023,784875,824048
2023,784892,824055
2023,784934,823990
2023,784987,813375
2023,785007,824082
2023,785031,813428
2023,785169,824107
2023,785170,824107
2023,785172,824108
2023,785227,824113
2023,785237,824116
2023,785287,824121
2023,785288,824121
2023,785289,824121
2023,715776,761001
2023,715781,761002
2023,715783,761002
2023,715799,761008
2023,715803,761009
2023,715919,761040
2023,716167,761108
2023,716262,761119
2023,716404,760991
2023,716405,760991
2023,716408,760991
2023,716409,760991
2023,716523,761143
2023,716524,761143
2023,716525,761143
2023,716526,761143
2023,716527,761143
2023,716528,761143
2023,716529,761143
2023,716530,761143
2023,716551,761151
2023,716553,761152
2023,716566,761157
2023,716569,761158
2023,716570,761158
2023,716571,761158
2023,716572,761158
2023,716597,761166
2023,716606,761168
2023,716672,761185
2023,716673,761185
2023,716681,761192
2023,716682,761192
2023,716683,761192
2023,716684,761192
2023,716759,761217
2023,716799,761225
2023,716808,761199
2023,716811,761227
2023,716827,761233
2023,716828,761233
2023,716829,761233
2023,716830,761233
2023,716834,761234
2023,716856,761241
2023,716889,761117
2023,716997,761274
2023,717002,761275
2023,717047,761283
2023,717166,761299
2023,717172,761301
2023,717197,761309
2023,717198,761309
2023,717214,761316
2023,717225,761324
2023,717240,761317
2023,717254,761334
2023,717256,761335
2023,717380,761352
2023,717381,761352
2023,717382,761352
2023,717383,761352
2023,717397,761353
2023,745608,792693
2023,745609,792693
2023,745610,792693
2023,745611,792693
2023,745612,792693
2023,745613,792693
2023,745614,792693
2023,745615,792693
2023,745616,792693
2023,745617,792693
2023,745618,792693
2023,745619,792693
2023,745620,792693
2023,745621,792693
2023,745622,792693
2023,745623,792693
2023,745624,792693
2023,745625,792693
2023,745637,772103
2023,745641,792701
2023,745881,792748
2023,745883,792748
2023,745918,792756
2023,745931,792759
2023,745935,792760
2023,745987,792741
2023,746041,792791
2023,746081,792799
2023,746142,792816
2023,746143,792816
2023,746144,792816
2023,746145,792816
2023,746151,792816
2023,746168,792823
2023,746169,792823
2023,746170,792823
2023,746190,792824
2023,746245,792498
2023,746265,792832
2023,746301,792500
2023,746304,792500
2023,746325,792840
2023,746348,792849
2023,746349,792849
2023,746350,792849
2023,746352,792850
2023,746400,792858
2023,746428,792868
2023,746451,792876
2023,746474,792868
2023,746477,792891
2023,746482,792893
2023,746504,792539
2023,746505,792539
2023,746506,792539
2023,746615,782436
2023,746665,792925
2023,746688,792934
2023,746691,792935
2023,746698,792940
2023,746701,792941
2023,746703,792942
2023,746719,781995
2023,746727,792848
2023,746728,792848
2023,746729,792848
2023,770721,813566
2023,770723,813566
2023,770724,813566
2023,770740,813567
2023,770796,793007
2023,770813,813581
2023,771014,813355
2023,771103,792492
2023,771141,813614
2023,771142,813614
2023,771143,813614
2023,771144,813614
2023,771275,813633
2023,771303,813640
2023,771307,813639
2023,771308,813639
2023,771309,813639
2023,771404,813658
2023,771469,813672
2023,771510,813682
2023,771558,792891
2023,771566,813698
2023,771595,813664
2023,771621,813706
2023,771629,813706
2023,771637,813706
2023,771643,813706
2023,771648,813706
2023,771654,813706
2023,771659,813706
2023,771664,813706
2023,771669,813706
2023,771731,813717
2023,771747,813717
2023,771756,813717
2023,771764,813717
2023,771772,813717
2023,771777,813717
2023,712649,750358
2023,712865,750384
2023,712943,750391
2023,713100,750416
2023,713155,750440
2023,713198,750452
2023,713226,750460
2023,713229,750460
2023,713274,750468
2023,713315,750476
2023,713319,750407
2023,713352,750485
2023,713430,750501
2023,713461,750499
2023,713514,750516
2023,713541,750518
2023,713566,750518
2023,713582,750524
2023,713624,750543
2023,713701,750557
2023,713709,750560
2023,713748,750558
2023,713801,750593
2023,713866,760544
2023,713895,760546
2023,713908,750474
2023,713993,760579
2023,714014,760585
2023,714036,760594
2023,714037,760594
2023,714038,760594
2023,714039,760594
2023,714040,760594
2023,714041,760594
2023,714064,760602
2023,714076,760603
2023,714100,760610
2023,714145,760619
2023,714175,750474
2023,714201,750407
2023,714340,760661
2023,714341,760661
2023,714345,760661
2023,714346,760661
2023,714365,760670
2023,714374,760627
2023,714386,760678
2023,714389,760679
2023,714512,760693
2023,714545,760660
2023,714614,760720
2023,714616,760720
2023,714622,760721
2023,714623,760722
2023,714632,760727
2023,714715,760746
2023,714716,760746
2023,714717,760746
2023,714718,760746
2023,714720,760746
2023,714721,760746
2023,714722,760746
2023,714723,760746
2023,714797,760737
2023,714824,760770
2023,714869,760777
2023,714874,760779
2023,714889,760787
2023,714890,760787
2023,715007,760737
2023,715069,760845
2023,715100,760847
2023,715191,760863
2023,715192,760863
2023,715194,760863
2023,715195,760863
2023,715196,760863
2023,715197,760863
2023,715198,760863
2023,715199,760863
2023,715200,760863
2023,715201,760863
2023,715202,760863
2023,715203,760863
2023,715204,760863
2023,715205,760863
2023,715206,760863
2023,715207,760863
2023,715208,760863
2023,715209,760863
2023,715211,760864
2023,715241,760877
2023,715243,760878
2023,715266,760881
2023,715267,760881
2023,715294,760722
2023,715303,760895
2023,715307,760896
2023,715348,760904
2023,715357,760903
2023,717482,761376
2023,717487,761377
2023,717495,761368
2023,717498,761367
2023,717507,760831
2023,717529,761383
2023,717533,761385
2023,717535,761386
2023,717546,761385
2023,717783,761433
2023,717799,761441
2023,717878,761452
2023,717908,761218
2023,717914,761461
2023,717922,761460
2023,717949,761468
2023,717954,761469
2023,717983,761483
2023,718084,761502
2023,718195,761542
2023,718214,761385
2023,718333,761577
2023,718334,761577
2023,718335,761577
2023,718336,761577
2023,718344,761543
2023,718378,761586
2023,718386,761343
2023,718414,761592
2023,718494,761600
2023,718529,761617
2023,718540,761620
2023,718725,761661
2023,718726,761662
2023,718810,761675
2023,718815,761678
2023,718945,761703
2023,718946,761703
2023,718959,761709
2023,719027,761718
2023,719223,761751
2023,732962,782076
2023,732968,782184
2023,733043,782208
2023,733061,782216
2023,733089,782223
2023,733090,782223
2023,733091,782223
2023,733106,782224
2023,733178,782242
2023,733216,782252
2023,733297,782268
2023,733322,782273
2023,733403,782293
2023,733481,782318
2023,733512,782216
2023,733546,782341
2023,733562,782344
2023,733563,782344
2023,733564,782344
2023,733565,782344
2023,733566,782344
2023,733567,782344
2023,733578,782350
2023,733615,782365
2023,733638,782377
2023,733670,771864
2023,733704,782391
2023,733730,782400
2023,733871,782432
2023,733888,782433
2023,733931,782343
2023,733933,782449
2023,733936,782450
2023,733947,782451
2023,733973,782460
2023,733974,782460
2023,733975,782460
2023,733976,782460
2023,733977,782460
2023,733978,782460
2023,734041,782474
2023,734090,782491
2023,734092,782491
2023,734096,782493
2023,734099,782494
2023,734219,782509
2023,734257,782519
2023,744303,792401
2023,744433,792428
2023,744492,792438
2023,744518,792443
2023,744523,792444
2023,744531,792445
2023,744532,792445
2023,744548,792455
2023,744575,792461
2023,744576,792461
2023,744577,792461
2023,744578,792461
2023,744581,792462
2023,744588,792463
2023,744656,792486
2023,744660,792487
2023,744750,792513
2023,744755,792511
2023,744796,792527
2023,744806,792530
2023,744979,792495
2023,744989,792495
2023,745006,792561
2023,745033,792572
2023,745132,792602
2023,745134,792603
2023,745149,792604
2023,745315,792635
2023,745323,792637
2023,745360,792646
2023,745393,792655
2023,745422,792662
2023,745432,792663
2023,745441,792669
2023,745444,792671
2023,745532,792677
2023,745537,792687
2023,745630,772099
2023,745643,772089
2023,745697,792710
2023,745925,792722
2023,745927,792745
2023,746035,792789
2023,746058,782474
2023,746076,792797
2023,746086,792803
2023,746088,792804
2023,746089,792804
2023,746090,792804
2023,746091,792804
2023,746096,792804
2023,746099,792805
2023,746100,792805
2023,746101,792805
2023,746122,792695
2023,746154,792819
2023,746155,792819
2023,746156,792819
2023,746158,792819
2023,746163,792821
2023,746231,792746
2023,746255,792831
2023,746258,792830
2023,746271,792495
2023,746290,792836
2023,746336,792838
2023,746339,792838
2023,746340,792838
2023,746375,792645
2023,746376,792853
2023,746412,792864
2023,746425,761709
2023,746432,792869
2023,746436,792871
2023,746437,792852
2023,746464,792880
2023,746470,792886
2023,746472,792889
2023,746598,792913
2023,746599,792913
2023,746671,792928
2023,746679,792806
2023,746696,792939
2023,746724,792947
2023,746725,792947
2023,746769,792954
2023,770681,813560
2023,770682,813560
2023,770683,813560
2023,770684,813560
2023,770685,813560
2023,770686,813560
2023,770746,813570
2023,770747,813570
2023,770777,792864
2023,770798,813577
2023,770935,813593
2023,770961,813594
2023,770962,813594
2023,771115,813611
2023,771116,813611
2023,771117,813611
2023,771119,813611
2023,771123,813613
2023,771260,813629
2023,771267,813612
2023,771268,813612
2023,771272,813634
2023,771280,813637
2023,771299,813610
2023,771357,813652
2023,771360,813653
2023,771410,813659
2023,771452,813663
2023,771531,813693
2023,771586,813661
2023,771608,813668
2023,771798,813721
2023,771826,813728
2023,771829,813729
2023,771863,813735
2023,771879,813737
2023,771924,813744
2023,771995,813711
2023,771996,813713
2023,771998,813720
2023,772101,813777
2023,772237,813794
2023,772238,813794
2023,772239,813794
2023,772271,813805
2023,772456,813802
2023,772504,813827
2023,772526,813830
2023,772532,813827
2023,772574,813777
2023,772575,813777
2023,772576,813777
2023,772614,813844
2023,772667,813853
2023,772681,813854
2023,772686,813855
2023,772687,813855
2023,772707,813860
2023,772778,813868
2023,772891,813880
2023,772924,803351
2023,772926,813886
2023,772929,813887
2023,772942,813893
2023,772947,813837
2023,772968,813903
2023,773158,813919
2023,773162,813920
2023,773184,813927
2023,773193,813919
2023,773197,813894
2023,773247,813944
2023,773248,813944
2023,773249,813944
2023,773262,813735
2023,773288,813947
2023,773298,813952
2023,773365,813960
2023,783484,823821
2023,783579,823830
2023,783584,823832
2023,783611,823838
2023,783614,823839
2023,783664,813802
2023,783699,823855
2023,783733,823863
2023,783736,823865
2023,783737,823865
2023,783738,823865
2023,783739,823865
2023,783740,823865
2023,783838,823882
2023,783955,823899
2023,783959,823899
2023,783964,823899
2023,783966,823899
2023,783976,823904
2023,784006,823905
2023,784062,823913
2023,784063,823913
2023,784114,823923
2023,784163,823929
2023,784213,823939
2023,784220,823837
2023,784280,823955
2023,784285,823957
2023,784293,823958
2023,784386,823964
2023,784387,823964
2023,715367,760906
2023,715532,760937
2023,715534,750499
2023,715543,760939
2023,715567,760822
2023,715582,760944
2023,715607,760956
2023,715618,760963
2023,715620,760964
2023,715678,760981
2023,715692,760827
2023,719586,761824
2023,719616,760964
2023,719678,761839
2023,719691,761841
2023,719734,761849
2023,729857,771808
2023,729859,771809
2023,729860,771809
2023,729863,771810
2023,729961,761607
2023,730037,761848
2023,730081,771869
2023,730095,771851
2023,730110,771877
2023,730111,771877
2023,730112,771877
2023,730116,771816
2023,730119,771817
2023,730154,771818
2023,730157,771819
2023,730160,771883
2023,730164,771885
2023,730175,771886
2023,730242,771901
2023,730243,771902
2023,730377,771908
2023,730390,771926
2023,730394,771927
2023,730426,771935
2023,730427,771935
2023,730472,771941
2023,730475,771934
2023,730476,771934
2023,730477,771934
2023,730478,771934
2023,730479,771934
2023,730482,771934
2023,730483,771934
2023,730484,771934
2023,730485,771934
2023,730486,771934
2023,730487,771934
2023,730488,771934
2023,730489,771934
2023,730522,771952
2023,730578,771967
2023,730604,771842
2023,730620,771978
2023,730660,771978
2023,730661,771978
2023,730662,771978
2023,730663,771978
2023,730664,771978
2023,730665,771978
2023,730666,771978
2023,730667,771978
2023,730668,771978
2023,730669,771978
2023,730670,771978
2023,730671,771978
2023,730672,771978
2023,730673,771978
2023,730674,771978
2023,730675,771978
2023,730676,771978
2023,730677,771978
2023,730678,771978
2023,730679,771978
2023,730680,771978
2023,730681,771978
2023,730682,771978
2023,730683,771978
2023,730684,771978
2023,730685,771978
2023,730686,771978
2023,730687,771978
2023,730688,771978
2023,730689,771978
2023,730690,771978
2023,730691,771978
2023,730692,771978
2023,730693,771978
2023,730694,771978
2023,730695,771978
2023,730696,771978
2023,730697,771978
2023,731095,771991
2023,731123,771999
2023,731124,771999
2023,731126,761665
2023,731127,761665
2023,731128,761665
2023,731129,761665
2023,731135,761758
2023,731174,772011
2023,731175,772011
2023,731202,772025
2023,731248,772034
2023,731249,772034
2023,731250,772034
2023,731295,772041
2023,731296,772041
2023,731297,772041
2023,731390,772053
2023,731392,772052
2023,731406,772016
2023,731456,772070
2023,731491,772083
2023,731504,772084
2023,731528,772091
2023,731530,772092
2023,731534,772093
2023,731568,772100
2023,731590,772103
2023,731628,772058
2023,731637,772043
2023,731671,772117
2023,731702,772127
2023,731713,772128
2023,731719,772075
2023,731723,772076
2023,731730,772078
2023,731746,772136
2023,731763,772143
2023,731818,772152
2023,731917,772176
2023,731983,772185
2023,732015,781945
2023,732085,781960
2023,732163,781971
2023,732186,781955
2023,732193,781955
2023,732264,782004
2023,732296,781994
2023,732298,781995
2023,732300,781996
2023,732302,781997
2023,732361,782027
2023,732362,782027
2023,732363,782027
2023,732364,782027
2023,732365,782027
2023,732366,782027
2023,732367,782027
2023,732368,782027
2023,732369,782027
2023,732370,782027
2023,732371,782027
2023,732372,782027
2023,732378,782029
2023,732381,782029
2023,732523,782054
2023,732542,782063
2023,732546,782064
2023,732605,782080
2023,732626,782087
2023,732705,782105
2023,732717,782112
2023,732721,782113
2023,732722,782113
2023,732723,782113
2023,732724,782113
2023,732725,782113
2023,732726,782113
2023,732744,782120
2023,732747,782121
2023,732764,782127
2023,732779,782138
2023,732780,782138
2023,732781,782138
2023,732796,782144
2023,732799,782145
2023,732809,782146
2023,732815,782147
2023,732937,782170
2023,732955,782179
2023,746787,792916
2023,746828,792965
2023,746843,772176
2023,746878,792982
2023,746887,792984
2023,746912,792967
2023,746944,793001
2023,747078,793019
2023,747098,793024
2023,747137,793033
2023,747142,793035
2023,747154,793043
2023,747209,793067
2023,747210,793067
2023,747215,793068
2023,747240,793075
2023,747259,792549
2023,747263,792549
2023,747264,792549
2023,747265,792549
2023,747349,793093
2023,747373,793099
2023,747380,793101
2023,747407,793108
2023,747461,793118
2023,747463,793116
2023,747480,793125
2023,747487,793124
2023,747575,793158
2023,747582,793161
2023,747673,793176
2023,747677,793177
2023,747679,793175
2023,747705,793185
2023,747733,793186
2023,747788,793199
2023,747799,793176
2023,747871,793210
2023,747896,793216
2023,747897,793216
2023,747911,793218
2023,747930,792885
2023,747997,793226
2023,748070,793243
2023,748073,793244
2023,748074,793244
2023,758483,803304
2023,758574,793284
2023,758616,803319
2023,758653,803329
2023,758657,803328
2023,758685,803335
2023,758694,803338
2023,758727,803347
2023,758747,803360
2023,758752,803362
2023,758755,803361
2023,758756,803353
2023,758759,803363
2023,758845,803319
2023,758879,803370
2023,758992,803394
2023,758994,803395
2023,759006,803396
2023,759054,803403
2023,759056,803403
2023,759057,803403
2023,759058,803403
2023,759059,803403
2023,759061,803403
2023,759062,803403
2023,759063,803403
2023,759142,803412
2023,759224,803421
2023,759226,803422
2023,759249,803430
2023,759250,803430
2023,759251,803430
2023,759252,803430
2023,769253,813305
2023,769270,813308
2023,769285,813316
2023,769294,813314
2023,769384,813321
2023,769389,813322
2023,769400,813323
2023,769431,813313
2023,769434,813313
2023,769450,813330
2023,769452,813331
2023,769495,813341
2023,769522,813349
2023,769548,793124
2023,769568,813330
2023,769569,813333
2023,769648,813373
2023,769678,813372
2023,769743,813374
2023,769750,792893
2023,769907,813422
2023,769974,813430
2023,769976,813430
2023,769978,813430
2023,769979,813430
2023,769980,813430
2023,769982,813430
2023,769986,813430
2023,769990,813430
2023,769991,813430
2023,770045,813440
2023,770046,813438
2023,770061,813449
2023,770066,813450
2023,770076,813455
2023,770077,813455
2023,770078,813455
2023,770079,813455
2023,770080,813455
2023,770081,813455
2023,770082,813455
2023,770083,813455
2023,770084,813455
2023,770103,813463
2023,770152,813471
2023,770175,813480
2023,770177,813482
2023,770192,813489
2023,770247,813391
2023,770259,813507
2023,770262,813458
2023,770308,792840
2023,770366,813524
2023,770421,813505
2023,784563,823984
2023,784576,823987
2023,784614,823995
2023,784629,824000
2023,784682,824004
2023,784821,824029
2023,784896,813581
2023,784944,824068
2023,784962,813706
2023,784965,813706
2023,784968,813706
2023,784980,824078
2023,784990,824076
2023,785013,823984
2023,785023,824085
2023,785035,824084
2023,785038,824087
2023,785039,824087
2023,785040,824087
2023,785041,824087
2023,785042,824087
2023,785043,824087
2023,785044,824087
2023,785085,824094
2023,785091,824094
2023,785093,824094
2023,785124,824101
2023,785125,824101
2023,785128,824101
2023,785129,824101
2023,785130,824101
2023,785140,824102
2023,785148,824103
2023,785245,824119
2023,771782,813717
2023,771848,813731
2023,771858,813734
2023,771903,813748
2023,771957,813756
2023,771958,813756
2023,771960,813756
2023,771961,813756
2023,771962,813756
2023,771997,813715
2023,772068,813750
2023,772102,813781
2023,772111,813781
2023,772178,813784
2023,772179,813784
2023,772248,813798
2023,772259,813800
2023,772275,813806
2023,772277,813807
2023,772292,813808
2023,772310,813371
2023,772372,813817
2023,772542,813832
2023,772597,813840
2023,772607,813842
2023,772611,813842
2023,772612,813842
2023,772638,813849
2023,772654,813851
2023,772696,813857
2023,772705,813859
2023,772838,813874
2023,772839,813874
2023,772841,813874
2023,772844,813874
2023,772845,813874
2023,772846,813874
2023,772901,813882
2023,772913,813883
2023,772939,813891
2023,772971,813800
2023,773025,813909
2023,773031,813909
2023,773039,813909
2023,773044,813909
2023,773053,813909
2023,773062,813909
2023,773067,813909
2023,773117,813914
2023,773135,813916
2023,773166,813923
2023,773169,813924
2023,773177,813925
2023,773212,813940
2023,773227,813942
2023,773231,813941
2023,773358,813958
2023,773369,813925
2023,773376,813925
2023,773377,813925
2023,783448,823820
2023,783592,823834
2023,783600,823835
2023,783602,823836
2023,783603,823836
2023,783604,823836
2023,783605,823836
2023,783606,823836
2023,783607,823836
2023,783623,823842
2023,783791,823875
2023,783802,823877
2023,783904,823892
2023,783910,823893
2023,783931,823895
2023,784138,823925
2023,784201,823936
2023,784206,823901
2023,784231,823944
2023,784254,823950
2023,784268,823951
2023,784269,823951
2023,784270,823951
2023,784271,823951
2023,784301,823959
2023,784304,823960
